IP,Time,Browser
10.82.178.14,17/Nov/2022:12:12:30,Firefox
10.82.178.14,17/Nov/2022:12:12:30,Firefox
10.82.178.14,17/Nov/2022:12:12:30,Firefox
10.82.178.14,17/Nov/2022:12:12:30,Firefox
10.82.178.14,17/Nov/2022:12:12:33,Firefox
10.82.178.14,17/Nov/2022:12:12:33,Firefox
10.82.178.14,17/Nov/2022:12:12:39,Firefox
10.82.178.14,17/Nov/2022:12:12:39,Firefox
10.82.178.14,17/Nov/2022:12:12:41,Firefox
10.82.178.14,17/Nov/2022:12:12:42,Firefox
10.82.178.14,17/Nov/2022:12:12:42,Firefox
10.82.178.14,17/Nov/2022:12:12:43,Firefox
10.82.178.14,17/Nov/2022:12:13:35,Firefox
10.82.178.14,17/Nov/2022:12:13:39,Firefox
10.82.178.14,17/Nov/2022:12:14:01,Firefox
10.82.178.14,17/Nov/2022:12:14:03,Firefox
10.82.178.14,17/Nov/2022:12:14:18,Firefox
10.82.178.14,17/Nov/2022:12:14:19,Firefox
10.82.178.14,17/Nov/2022:12:14:20,Firefox
10.82.178.14,17/Nov/2022:12:14:20,Firefox
10.82.181.109,17/Nov/2022:13:50:21,Edg
10.82.181.109,17/Nov/2022:13:50:21,Edg
10.82.181.109,17/Nov/2022:13:50:21,Edg
10.82.181.109,17/Nov/2022:13:50:21,Edg
10.82.181.109,17/Nov/2022:13:50:23,Edg
10.82.181.109,17/Nov/2022:13:50:23,Edg
10.82.181.109,17/Nov/2022:13:50:30,Edg
10.82.181.109,17/Nov/2022:13:51:59,Edg
10.82.181.109,17/Nov/2022:13:52:56,Edg
10.82.181.109,17/Nov/2022:13:52:56,Edg
10.82.181.109,17/Nov/2022:13:54:50,Edg
10.82.181.109,17/Nov/2022:23:23:21,Edg
10.82.181.109,17/Nov/2022:23:23:43,Edg
10.82.181.109,17/Nov/2022:23:23:47,Edg
10.82.181.109,17/Nov/2022:23:23:49,Edg
10.82.181.109,17/Nov/2022:23:23:51,Edg
10.82.181.109,17/Nov/2022:23:25:04,WhatsApp
10.82.190.168,17/Nov/2022:23:25:21,Safari
10.82.190.168,17/Nov/2022:23:25:24,Safari
10.82.190.168,17/Nov/2022:23:25:24,Safari
10.82.190.168,17/Nov/2022:23:25:24,Safari
10.82.190.168,17/Nov/2022:23:25:38,Safari
10.82.190.168,17/Nov/2022:23:25:40,Safari
10.82.190.168,17/Nov/2022:23:26:02,Safari
10.82.190.168,17/Nov/2022:23:26:03,Safari
10.82.190.168,17/Nov/2022:23:26:08,Safari
10.82.190.168,17/Nov/2022:23:26:28,Safari
10.82.190.168,17/Nov/2022:23:26:34,Safari
10.82.190.168,17/Nov/2022:23:26:35,Safari
10.82.190.168,17/Nov/2022:23:26:38,Safari
10.82.181.109,17/Nov/2022:23:36:04,Edg
10.82.181.109,17/Nov/2022:23:36:10,Edg
